ID,Target
3639,suicidal-thoughts-and-self-harm
21493,anxiety
21215,depression
13466,anxiety
14084,anxiety
2704,anxiety
18193,ptsd-and-trauma
21630,anxiety
19185,ptsd-and-trauma
14981,anxiety
22785,anxiety
10701,anxiety
12634,anxiety
2278,anxiety
10986,ptsd-and-trauma
3896,relationship-and-family-issues
9923,relationship-and-family-issues
8409,depression
4177,anxiety
19430,anxiety
17672,relationship-and-family-issues
21886,relationship-and-family-issues
14099,depression
6900,suicidal-thoughts-and-self-harm
3466,anxiety
2482,anxiety
775,anxiety
2172,relationship-and-family-issues
8380,anxiety
321,anxiety
18684,ptsd-and-trauma
13069,relationship-and-family-issues
22942,anxiety
23035,anxiety
11964,relationship-and-family-issues
16045,ptsd-and-trauma
1221,anxiety
3019,ptsd-and-trauma
19642,anxiety
14951,depression
5915,suicidal-thoughts-and-self-harm
9478,anxiety
22597,ptsd-and-trauma
24018,anxiety
10104,relationship-and-family-issues
22771,depression
6959,depression
10874,relationship-and-family-issues
3898,anxiety
6660,anxiety
9104,anxiety
19825,anxiety
22935,anxiety
13637,relationship-and-family-issues
17720,anxiety
15891,anxiety
1516,relationship-and-family-issues
14766,anxiety
13985,relationship-and-family-issues
1017,relationship-and-family-issues
19467,anxiety
2451,anxiety
22500,anxiety
239,anxiety
19935,ptsd-and-trauma
24298,depression
4001,anxiety
1867,relationship-and-family-issues
13177,relationship-and-family-issues
13878,anxiety
3436,anxiety
10748,relationship-and-family-issues
9891,anxiety
20309,depression
8974,anxiety
8339,relationship-and-family-issues
10481,ptsd-and-trauma
13936,anxiety
10891,suicidal-thoughts-and-self-harm
11934,anxiety
14008,anxiety
10087,depression
10471,relationship-and-family-issues
24344,relationship-and-family-issues
4416,anxiety
18417,relationship-and-family-issues
8984,anxiety
1253,relationship-and-family-issues
21641,relationship-and-family-issues
15199,anxiety
11662,anxiety
22528,anxiety
16092,ptsd-and-trauma
20362,relationship-and-family-issues
21559,anxiety
19261,relationship-and-family-issues
1734,ptsd-and-trauma
2413,depression
17607,ptsd-and-trauma
8327,anxiety
11816,ptsd-and-trauma
3931,anxiety
16110,relationship-and-family-issues
19774,anxiety
17577,anxiety
16811,anxiety
8506,anxiety
21577,ptsd-and-trauma
15955,relationship-and-family-issues
12576,anxiety
13725,anxiety
17355,anxiety
13612,ptsd-and-trauma
18793,anxiety
11269,relationship-and-family-issues
10166,anxiety
2271,anxiety
12328,relationship-and-family-issues
10596,anxiety
1864,anxiety
7288,relationship-and-family-issues
12991,anxiety
12151,relationship-and-family-issues
21285,anxiety
24264,depression
20438,depression
1989,depression
3300,relationship-and-family-issues
674,anxiety
9697,depression
16312,anxiety
7552,anxiety
877,anxiety
3244,relationship-and-family-issues
801,relationship-and-family-issues
9051,anxiety
5882,relationship-and-family-issues
8752,anxiety
6705,ptsd-and-trauma
8612,depression
4735,ptsd-and-trauma
23115,anxiety
3622,anxiety
22889,anxiety
18983,anxiety
21655,depression
19558,anxiety
13001,relationship-and-family-issues
2056,relationship-and-family-issues
2411,anxiety
24546,anxiety
2654,depression
10773,anxiety
16207,depression
4556,anxiety
18841,anxiety
19837,anxiety
715,anxiety
9644,anxiety
1002,anxiety
313,anxiety
4542,relationship-and-family-issues
414,anxiety
16910,relationship-and-family-issues
19520,depression
4372,depression
9163,depression
21484,depression
5737,anxiety
20765,ptsd-and-trauma
13230,depression
17195,relationship-and-family-issues
12484,anxiety
16855,suicidal-thoughts-and-self-harm
1403,anxiety
13256,relationship-and-family-issues
6341,anxiety
10780,anxiety
4383,depression
21019,anxiety
1694,relationship-and-family-issues
19380,ptsd-and-trauma
1736,anxiety
16990,ptsd-and-trauma
18762,anxiety
11856,anxiety
9533,anxiety
14183,relationship-and-family-issues
23728,suicidal-thoughts-and-self-harm
22060,relationship-and-family-issues
22958,anxiety
1379,relationship-and-family-issues
19759,anxiety
2907,depression
796,anxiety
1138,relationship-and-family-issues
1570,relationship-and-family-issues
6532,relationship-and-family-issues
2715,depression
23488,relationship-and-family-issues
13957,relationship-and-family-issues
8262,relationship-and-family-issues
8973,ptsd-and-trauma
13120,anxiety
11936,anxiety
6520,anxiety
9388,depression
10543,relationship-and-family-issues
6048,relationship-and-family-issues
3530,relationship-and-family-issues
7142,anxiety
16579,suicidal-thoughts-and-self-harm
12450,anxiety
22709,ptsd-and-trauma
23969,ptsd-and-trauma
20956,relationship-and-family-issues
6058,anxiety
22920,anxiety
5846,anxiety
21766,anxiety
14865,anxiety
2368,depression
12712,depression
10412,depression
13031,depression
13613,ptsd-and-trauma
13181,relationship-and-family-issues
20593,anxiety
15685,relationship-and-family-issues
5083,anxiety
8149,depression
10452,anxiety
1901,suicidal-thoughts-and-self-harm
7061,suicidal-thoughts-and-self-harm
21087,depression
16778,suicidal-thoughts-and-self-harm
14915,depression
21070,anxiety
7597,relationship-and-family-issues
19500,anxiety
20950,anxiety
5656,relationship-and-family-issues
23606,anxiety
18461,anxiety
21366,relationship-and-family-issues
2027,suicidal-thoughts-and-self-harm
17478,anxiety
17918,relationship-and-family-issues
6167,anxiety
22001,anxiety
11502,relationship-and-family-issues
12913,anxiety
8981,ptsd-and-trauma
13286,anxiety
22993,relationship-and-family-issues
3662,anxiety
15038,anxiety
3835,anxiety
4850,anxiety
11475,anxiety
14644,anxiety
15673,relationship-and-family-issues
9451,anxiety
7768,anxiety
7710,depression
23700,relationship-and-family-issues
11659,anxiety
4249,ptsd-and-trauma
11602,relationship-and-family-issues
23452,depression
18065,ptsd-and-trauma
10582,depression
2388,anxiety
19335,anxiety
12902,anxiety
7811,anxiety
15125,relationship-and-family-issues
13030,anxiety
3786,anxiety
19656,relationship-and-family-issues
18211,anxiety
23001,anxiety
8953,ptsd-and-trauma
19532,relationship-and-family-issues
305,suicidal-thoughts-and-self-harm
3579,anxiety
11088,anxiety
18389,ptsd-and-trauma
342,anxiety
8163,depression
24201,anxiety
23263,depression
15474,anxiety
13948,ptsd-and-trauma
9205,anxiety
5896,relationship-and-family-issues
6846,anxiety
4283,anxiety
23166,anxiety
6977,anxiety
8517,depression
13083,anxiety
3495,relationship-and-family-issues
11778,depression
23152,anxiety
16301,anxiety
18070,depression
17609,relationship-and-family-issues
10272,anxiety
10346,anxiety
12062,ptsd-and-trauma
20028,relationship-and-family-issues
24307,anxiety
6417,relationship-and-family-issues
10599,relationship-and-family-issues
1780,relationship-and-family-issues
12561,anxiety
12568,anxiety
23180,relationship-and-family-issues
8714,relationship-and-family-issues
5260,anxiety
6548,relationship-and-family-issues
23976,anxiety
19506,relationship-and-family-issues
5318,anxiety
707,anxiety
5115,anxiety
4351,depression
5312,depression
21768,anxiety
19355,anxiety
19039,anxiety
14696,anxiety
479,relationship-and-family-issues
6844,anxiety
5256,relationship-and-family-issues
445,ptsd-and-trauma
18658,anxiety
23303,anxiety
1555,relationship-and-family-issues
19429,anxiety
12088,suicidal-thoughts-and-self-harm
9459,ptsd-and-trauma
21549,anxiety
2888,anxiety
1956,relationship-and-family-issues
7323,relationship-and-family-issues
4025,anxiety
12999,anxiety
2948,anxiety
11818,anxiety
24506,ptsd-and-trauma
6731,anxiety
9954,anxiety
3928,anxiety
1328,anxiety
18831,depression
24033,depression
14505,relationship-and-family-issues
6550,ptsd-and-trauma
23703,relationship-and-family-issues
585,anxiety
19959,anxiety
20579,ptsd-and-trauma
5608,anxiety
6780,relationship-and-family-issues
10288,anxiety
21236,anxiety
24446,anxiety
21203,relationship-and-family-issues
8681,anxiety
20185,depression
10435,anxiety
14604,anxiety
368,relationship-and-family-issues
15597,depression
838,anxiety
20310,depression
18641,suicidal-thoughts-and-self-harm
4877,anxiety
8878,relationship-and-family-issues
13323,anxiety
21266,suicidal-thoughts-and-self-harm
3526,anxiety
9556,anxiety
638,relationship-and-family-issues
10530,depression
20128,relationship-and-family-issues
9440,anxiety
4103,anxiety
16527,anxiety
6619,anxiety
165,relationship-and-family-issues
9781,depression
12342,relationship-and-family-issues
2849,anxiety
24137,anxiety
2860,relationship-and-family-issues
14717,anxiety
281,anxiety
6656,relationship-and-family-issues
17436,anxiety
10934,anxiety
13583,anxiety
12861,relationship-and-family-issues
3540,anxiety
19478,anxiety
2623,relationship-and-family-issues
11575,ptsd-and-trauma
24213,anxiety
12581,anxiety
10837,anxiety
3730,suicidal-thoughts-and-self-harm
21890,anxiety
10300,anxiety
24262,depression
16254,anxiety
16394,ptsd-and-trauma
13206,relationship-and-family-issues
21076,depression
11247,depression
14248,anxiety
6802,relationship-and-family-issues
19071,anxiety
13902,anxiety
18204,relationship-and-family-issues
23558,anxiety
344,relationship-and-family-issues
24379,suicidal-thoughts-and-self-harm
10497,depression
3701,depression
2182,anxiety
19782,anxiety
14946,anxiety
5599,ptsd-and-trauma
15441,anxiety
19578,anxiety
23498,depression
16374,anxiety
8362,anxiety
18927,suicidal-thoughts-and-self-harm
8791,ptsd-and-trauma
17910,anxiety
6820,anxiety
8616,anxiety
3656,anxiety
1025,suicidal-thoughts-and-self-harm
7777,relationship-and-family-issues
8299,anxiety
4594,anxiety
9162,relationship-and-family-issues
16377,anxiety
615,anxiety
10796,relationship-and-family-issues
19525,anxiety
9769,anxiety
16614,suicidal-thoughts-and-self-harm
13754,anxiety
22015,anxiety
18213,suicidal-thoughts-and-self-harm
4732,depression
10267,relationship-and-family-issues
24562,depression
15496,ptsd-and-trauma
18991,anxiety
8480,relationship-and-family-issues
11806,relationship-and-family-issues
1713,anxiety
18267,anxiety
14447,relationship-and-family-issues
20457,anxiety
21315,anxiety
21351,suicidal-thoughts-and-self-harm
9364,anxiety
17688,anxiety
1691,anxiety
24094,anxiety
5524,anxiety
10076,relationship-and-family-issues
13037,anxiety
16905,anxiety
10158,relationship-and-family-issues
1422,anxiety
1975,anxiety
14198,suicidal-thoughts-and-self-harm
4625,ptsd-and-trauma
23271,anxiety
12010,anxiety
15240,anxiety
8785,relationship-and-family-issues
6775,anxiety
21428,depression
22981,depression
3139,depression
17106,relationship-and-family-issues
19393,suicidal-thoughts-and-self-harm
23997,anxiety
2775,anxiety
18697,relationship-and-family-issues
15139,ptsd-and-trauma
11675,anxiety
10431,suicidal-thoughts-and-self-harm
10772,depression
10790,anxiety
4268,anxiety
14538,anxiety
19342,anxiety
7617,ptsd-and-trauma
14555,relationship-and-family-issues
4159,anxiety
11527,anxiety
11150,anxiety
13029,relationship-and-family-issues
4328,depression
24334,relationship-and-family-issues
21149,relationship-and-family-issues
13699,depression
5669,anxiety
9229,depression
881,anxiety
21043,relationship-and-family-issues
17893,ptsd-and-trauma
14492,anxiety
13783,anxiety
19844,depression
20359,depression
1115,anxiety
12848,anxiety
7999,relationship-and-family-issues
8572,anxiety
22064,anxiety
5055,relationship-and-family-issues
687,anxiety
8047,relationship-and-family-issues
7004,depression
650,ptsd-and-trauma
23871,anxiety
14895,relationship-and-family-issues
2093,anxiety
11432,anxiety
15532,relationship-and-family-issues
17500,relationship-and-family-issues
19387,anxiety
5419,relationship-and-family-issues
5580,anxiety
5426,relationship-and-family-issues
9684,ptsd-and-trauma
20257,relationship-and-family-issues
8123,anxiety
2714,anxiety
12512,relationship-and-family-issues
12573,depression
16245,anxiety
24300,relationship-and-family-issues
5114,relationship-and-family-issues
13487,anxiety
15980,suicidal-thoughts-and-self-harm
543,relationship-and-family-issues
3820,ptsd-and-trauma
20268,ptsd-and-trauma
7385,relationship-and-family-issues
17683,relationship-and-family-issues
22046,anxiety
668,relationship-and-family-issues
4917,relationship-and-family-issues
13377,relationship-and-family-issues
23915,anxiety
19869,depression
12203,anxiety
2797,anxiety
7889,anxiety
13646,ptsd-and-trauma
13951,relationship-and-family-issues
11654,depression
17652,relationship-and-family-issues
23011,relationship-and-family-issues
3236,anxiety
21063,relationship-and-family-issues
15187,anxiety
19006,relationship-and-family-issues
827,ptsd-and-trauma
13550,relationship-and-family-issues
16434,anxiety
20490,relationship-and-family-issues
24083,anxiety
8805,anxiety
13080,anxiety
7413,depression
24380,anxiety
2697,anxiety
3155,anxiety
2392,anxiety
3425,suicidal-thoughts-and-self-harm
7512,anxiety
15700,anxiety
2405,suicidal-thoughts-and-self-harm
17129,anxiety
13829,relationship-and-family-issues
6275,ptsd-and-trauma
10651,relationship-and-family-issues
654,anxiety
21114,anxiety
6258,depression
24219,relationship-and-family-issues
24100,ptsd-and-trauma
8312,anxiety
21163,anxiety
12931,relationship-and-family-issues
1029,anxiety
18547,anxiety
17651,relationship-and-family-issues
8335,relationship-and-family-issues
22125,suicidal-thoughts-and-self-harm
15892,relationship-and-family-issues
20548,relationship-and-family-issues
6770,anxiety
16863,anxiety
6559,relationship-and-family-issues
12618,relationship-and-family-issues
17490,anxiety
1336,relationship-and-family-issues
14824,suicidal-thoughts-and-self-harm
23823,relationship-and-family-issues
8576,anxiety
20828,anxiety
23419,relationship-and-family-issues
5111,relationship-and-family-issues
23120,depression
9108,anxiety
22570,relationship-and-family-issues
4492,depression
2788,relationship-and-family-issues
8990,suicidal-thoughts-and-self-harm
8669,depression
20008,anxiety
22945,relationship-and-family-issues
6521,relationship-and-family-issues
19685,depression
21716,anxiety
17714,anxiety
1795,relationship-and-family-issues
22439,anxiety
8356,anxiety
17790,anxiety
13110,anxiety
14307,relationship-and-family-issues
8202,anxiety
15499,anxiety
6918,relationship-and-family-issues
16109,ptsd-and-trauma
12461,anxiety
18072,depression
20062,anxiety
1958,anxiety
2010,relationship-and-family-issues
3599,anxiety
23096,anxiety
15887,depression
16693,suicidal-thoughts-and-self-harm
17950,anxiety
9211,relationship-and-family-issues
10559,relationship-and-family-issues
23005,depression
15671,relationship-and-family-issues
14902,anxiety
17338,ptsd-and-trauma
19462,suicidal-thoughts-and-self-harm
10155,anxiety
11640,anxiety
18019,ptsd-and-trauma
23775,relationship-and-family-issues
2102,anxiety
811,depression
10365,anxiety
12690,anxiety
19176,anxiety
24525,anxiety
8680,depression
14363,depression
3885,relationship-and-family-issues
9406,anxiety
7359,relationship-and-family-issues
18913,anxiety
18590,relationship-and-family-issues
12539,depression
20965,anxiety
2074,anxiety
9379,anxiety
18620,anxiety
3593,suicidal-thoughts-and-self-harm
12682,ptsd-and-trauma
2105,anxiety
13867,relationship-and-family-issues
19128,anxiety
998,depression
22118,anxiety
8470,depression
11435,anxiety
1763,suicidal-thoughts-and-self-harm
21125,anxiety
23590,relationship-and-family-issues
1454,anxiety
15376,relationship-and-family-issues
15876,relationship-and-family-issues
10450,relationship-and-family-issues
11420,anxiety
19610,anxiety
14132,anxiety
19894,relationship-and-family-issues
19830,anxiety
13155,anxiety
1953,anxiety
22523,anxiety
20889,anxiety
21476,anxiety
15725,relationship-and-family-issues
3410,anxiety
24062,ptsd-and-trauma
13906,depression
7997,relationship-and-family-issues
7529,relationship-and-family-issues
23559,anxiety
22627,depression
12210,relationship-and-family-issues
19181,anxiety
2015,ptsd-and-trauma
21268,suicidal-thoughts-and-self-harm
10884,anxiety
1280,depression
12537,anxiety
18633,relationship-and-family-issues
6516,anxiety
12784,anxiety
9882,ptsd-and-trauma
16677,relationship-and-family-issues
14511,relationship-and-family-issues
10127,anxiety
5872,anxiety
987,relationship-and-family-issues
11569,relationship-and-family-issues
5755,depression
7169,anxiety
7571,anxiety
6188,ptsd-and-trauma
23449,ptsd-and-trauma
16565,anxiety
3165,relationship-and-family-issues
10727,anxiety
17471,anxiety
17282,anxiety
4524,anxiety
17363,anxiety
21275,relationship-and-family-issues
19232,anxiety
16726,depression
13113,anxiety
3766,anxiety
6046,relationship-and-family-issues
2529,anxiety
22099,anxiety
9708,anxiety
15628,anxiety
24498,anxiety
11359,depression
9966,suicidal-thoughts-and-self-harm
3454,anxiety
14853,anxiety
512,anxiety
12859,relationship-and-family-issues
10924,anxiety
19379,anxiety
19514,ptsd-and-trauma
9936,anxiety
18555,anxiety
17586,anxiety
18272,relationship-and-family-issues
2857,depression
1869,relationship-and-family-issues
23484,relationship-and-family-issues
8931,anxiety
17959,relationship-and-family-issues
10419,suicidal-thoughts-and-self-harm
22837,depression
17435,relationship-and-family-issues
19239,suicidal-thoughts-and-self-harm
9467,anxiety
1267,suicidal-thoughts-and-self-harm
1238,anxiety
55,relationship-and-family-issues
12847,anxiety
9027,anxiety
3925,anxiety
17645,anxiety
11246,relationship-and-family-issues
10409,anxiety
20820,depression
1661,anxiety
9253,relationship-and-family-issues
4903,anxiety
2595,anxiety
2365,relationship-and-family-issues
21827,suicidal-thoughts-and-self-harm
17591,relationship-and-family-issues
11668,relationship-and-family-issues
8363,relationship-and-family-issues
7138,depression
20405,suicidal-thoughts-and-self-harm
3307,anxiety
20866,anxiety
23316,relationship-and-family-issues
3295,anxiety
10374,anxiety
395,relationship-and-family-issues
13719,anxiety
3132,anxiety
12695,relationship-and-family-issues
15104,anxiety
24469,relationship-and-family-issues
8589,depression
24514,anxiety
22385,anxiety
12915,suicidal-thoughts-and-self-harm
16225,anxiety
7040,relationship-and-family-issues
23837,relationship-and-family-issues
4630,relationship-and-family-issues
12707,anxiety
9263,anxiety
4614,anxiety
23632,anxiety
10572,ptsd-and-trauma
11036,suicidal-thoughts-and-self-harm
9072,relationship-and-family-issues
18729,anxiety
14409,ptsd-and-trauma
22153,anxiety
15188,anxiety
2852,anxiety
9802,relationship-and-family-issues
13537,anxiety
3440,ptsd-and-trauma
16980,relationship-and-family-issues
5092,relationship-and-family-issues
5649,relationship-and-family-issues
17886,anxiety
20886,anxiety
23200,anxiety
12129,depression
14342,anxiety
13717,anxiety
16385,anxiety
9680,anxiety
17193,relationship-and-family-issues
4057,relationship-and-family-issues
122,relationship-and-family-issues
23833,anxiety
24199,relationship-and-family-issues
13017,anxiety
19940,depression
24303,anxiety
24593,relationship-and-family-issues
10080,ptsd-and-trauma
22531,anxiety
5299,anxiety
1540,relationship-and-family-issues
5807,anxiety
12691,anxiety
3272,relationship-and-family-issues
12963,suicidal-thoughts-and-self-harm
16939,depression
15797,anxiety
16416,anxiety
5562,depression
23225,anxiety
3375,anxiety
4092,ptsd-and-trauma
4264,relationship-and-family-issues
3949,depression
2844,anxiety
14298,relationship-and-family-issues
859,relationship-and-family-issues
13944,anxiety
7697,anxiety
7747,depression
2012,relationship-and-family-issues
1822,anxiety
10944,suicidal-thoughts-and-self-harm
23855,ptsd-and-trauma
8421,suicidal-thoughts-and-self-harm
7980,anxiety
23520,depression
14797,anxiety
22672,anxiety
9096,relationship-and-family-issues
7780,anxiety
8376,relationship-and-family-issues
9267,anxiety
815,anxiety
21094,relationship-and-family-issues
19702,relationship-and-family-issues
3363,relationship-and-family-issues
10626,anxiety
2763,anxiety
6806,depression
18589,anxiety
23622,relationship-and-family-issues
4517,anxiety
2562,anxiety
6879,anxiety
14046,relationship-and-family-issues
7311,ptsd-and-trauma
2575,relationship-and-family-issues
16715,relationship-and-family-issues
11057,anxiety
4296,anxiety
230,relationship-and-family-issues
18594,relationship-and-family-issues
15442,relationship-and-family-issues
22002,relationship-and-family-issues
8413,relationship-and-family-issues
9148,anxiety
87,anxiety
23609,anxiety
3756,anxiety
23216,relationship-and-family-issues
15687,anxiety
14184,relationship-and-family-issues
24202,anxiety
23029,relationship-and-family-issues
8031,relationship-and-family-issues
1621,anxiety
13927,anxiety
23635,anxiety
10933,relationship-and-family-issues
11170,relationship-and-family-issues
23646,depression
1395,anxiety
11019,depression
7492,relationship-and-family-issues
1162,anxiety
3195,anxiety
6039,suicidal-thoughts-and-self-harm
22154,anxiety
20621,anxiety
13787,ptsd-and-trauma
15969,relationship-and-family-issues
11777,suicidal-thoughts-and-self-harm
21736,relationship-and-family-issues
9619,ptsd-and-trauma
15599,ptsd-and-trauma
24390,anxiety
20410,anxiety
6016,anxiety
19312,relationship-and-family-issues
8995,anxiety
19196,anxiety
9149,relationship-and-family-issues
1001,relationship-and-family-issues
1610,suicidal-thoughts-and-self-harm
4334,anxiety
20888,relationship-and-family-issues
8434,ptsd-and-trauma
22891,depression
376,anxiety
16804,anxiety
13105,relationship-and-family-issues
24509,anxiety
10735,depression
13961,anxiety
11545,anxiety
15623,relationship-and-family-issues
11835,ptsd-and-trauma
5533,relationship-and-family-issues
15063,anxiety
6469,relationship-and-family-issues
6356,relationship-and-family-issues
6385,relationship-and-family-issues
17015,anxiety
19167,anxiety
20105,suicidal-thoughts-and-self-harm
14665,anxiety
24439,ptsd-and-trauma
11137,suicidal-thoughts-and-self-harm
12821,relationship-and-family-issues
19762,suicidal-thoughts-and-self-harm
17257,anxiety
15024,anxiety
8963,anxiety
12302,relationship-and-family-issues
2855,relationship-and-family-issues
15360,anxiety
17543,anxiety
21040,ptsd-and-trauma
4116,relationship-and-family-issues
4173,depression
20999,depression
12499,relationship-and-family-issues
21834,relationship-and-family-issues
21604,relationship-and-family-issues
6930,relationship-and-family-issues
18599,anxiety
5901,depression
13660,anxiety
21410,suicidal-thoughts-and-self-harm
1916,suicidal-thoughts-and-self-harm
18392,relationship-and-family-issues
23763,ptsd-and-trauma
3230,anxiety
7826,relationship-and-family-issues
9136,anxiety
10925,anxiety
20142,depression
11443,ptsd-and-trauma
3666,ptsd-and-trauma
17439,anxiety
11732,anxiety
3287,anxiety
9277,anxiety
3243,anxiety
864,suicidal-thoughts-and-self-harm
23065,anxiety
400,anxiety
24254,anxiety
2660,suicidal-thoughts-and-self-harm
9688,anxiety
3910,anxiety
6995,anxiety
12123,relationship-and-family-issues
16282,anxiety
23551,relationship-and-family-issues
18986,relationship-and-family-issues
22130,suicidal-thoughts-and-self-harm
13700,relationship-and-family-issues
553,anxiety
16236,anxiety
23832,anxiety
19097,anxiety
1365,depression
8754,relationship-and-family-issues
21117,anxiety
18367,depression
6072,depression
690,anxiety
13243,suicidal-thoughts-and-self-harm
21570,depression
15934,relationship-and-family-issues
5130,depression
5736,anxiety
18092,relationship-and-family-issues
14923,relationship-and-family-issues
9784,ptsd-and-trauma
15821,relationship-and-family-issues
10807,anxiety
1205,depression
3424,anxiety
23770,suicidal-thoughts-and-self-harm
22404,relationship-and-family-issues
15964,suicidal-thoughts-and-self-harm
17481,anxiety
22939,ptsd-and-trauma
21573,anxiety
7538,anxiety
451,anxiety
12796,anxiety
13387,relationship-and-family-issues
14040,ptsd-and-trauma
3865,relationship-and-family-issues
4187,relationship-and-family-issues
453,relationship-and-family-issues
2381,anxiety
726,anxiety
13218,depression
2976,ptsd-and-trauma
10704,anxiety
22110,anxiety
1693,relationship-and-family-issues
22682,anxiety
12352,anxiety
13574,relationship-and-family-issues
20857,depression
11059,depression
10621,relationship-and-family-issues
2220,anxiety
24248,relationship-and-family-issues
22033,anxiety
14913,anxiety
5119,relationship-and-family-issues
15354,anxiety
19938,relationship-and-family-issues
15217,anxiety
16504,anxiety
22965,anxiety
502,relationship-and-family-issues
21208,anxiety
20154,anxiety
21868,relationship-and-family-issues
22860,anxiety
13570,anxiety
4920,anxiety
16664,anxiety
15270,anxiety
23907,depression
329,suicidal-thoughts-and-self-harm
4512,anxiety
16769,depression
23407,anxiety
11117,relationship-and-family-issues
6484,relationship-and-family-issues
17664,anxiety
23617,ptsd-and-trauma
14900,anxiety
14772,anxiety
9257,suicidal-thoughts-and-self-harm
4746,relationship-and-family-issues
3076,anxiety
24480,depression
5429,anxiety
5667,relationship-and-family-issues
20784,anxiety
265,relationship-and-family-issues
5550,suicidal-thoughts-and-self-harm
5334,anxiety
4558,anxiety
1707,anxiety
2262,relationship-and-family-issues
21327,anxiety
21173,ptsd-and-trauma
8389,depression
12421,anxiety
7043,anxiety
9934,relationship-and-family-issues
15390,anxiety
15133,anxiety
22971,depression
5653,anxiety
9534,anxiety
15985,relationship-and-family-issues
7107,relationship-and-family-issues
14728,relationship-and-family-issues
2571,anxiety
20290,ptsd-and-trauma
19206,depression
19568,relationship-and-family-issues
6045,depression
15965,ptsd-and-trauma
17274,relationship-and-family-issues
9216,relationship-and-family-issues
16108,depression
20246,depression
4868,anxiety
24335,depression
4914,depression
14488,anxiety
17283,depression
11743,depression
10192,anxiety
22543,relationship-and-family-issues
17022,relationship-and-family-issues
19106,suicidal-thoughts-and-self-harm
142,ptsd-and-trauma
13532,relationship-and-family-issues
10896,depression
18531,relationship-and-family-issues
24091,anxiety
633,ptsd-and-trauma
23806,relationship-and-family-issues
5699,ptsd-and-trauma
20000,anxiety
23183,anxiety
19633,anxiety
24537,relationship-and-family-issues
23710,anxiety
13318,anxiety
20884,anxiety
16145,suicidal-thoughts-and-self-harm
19002,anxiety
3909,relationship-and-family-issues
18494,anxiety
1495,depression
9552,relationship-and-family-issues
16731,anxiety
6811,ptsd-and-trauma
4332,anxiety
14297,relationship-and-family-issues
2110,depression
22017,ptsd-and-trauma
16178,anxiety
18319,anxiety
18336,anxiety
14172,relationship-and-family-issues
10941,ptsd-and-trauma
10843,suicidal-thoughts-and-self-harm
10326,depression
6029,suicidal-thoughts-and-self-harm
3100,anxiety
5264,anxiety
13534,anxiety
19389,depression
4424,relationship-and-family-issues
189,anxiety
14319,anxiety
20626,anxiety
21427,anxiety
17656,anxiety
9804,anxiety
15231,relationship-and-family-issues
15858,relationship-and-family-issues
1769,suicidal-thoughts-and-self-harm
10532,ptsd-and-trauma
3621,anxiety
3873,relationship-and-family-issues
23895,relationship-and-family-issues
23925,anxiety
9982,anxiety
21750,anxiety
22489,anxiety
12504,anxiety
19461,anxiety
17185,suicidal-thoughts-and-self-harm
12831,depression
11105,anxiety
21082,depression
21897,anxiety
15817,anxiety
16404,relationship-and-family-issues
10197,relationship-and-family-issues
24286,anxiety
18680,ptsd-and-trauma
11447,relationship-and-family-issues
339,suicidal-thoughts-and-self-harm
13823,ptsd-and-trauma
16418,relationship-and-family-issues
16167,anxiety
1749,relationship-and-family-issues
9423,depression
15346,anxiety
13712,anxiety
17588,anxiety
17531,depression
20239,depression
19104,ptsd-and-trauma
21720,anxiety
24564,anxiety
9909,anxiety
11249,ptsd-and-trauma
14185,relationship-and-family-issues
16017,suicidal-thoughts-and-self-harm
17215,anxiety
1270,depression
7355,anxiety
13753,anxiety
9367,relationship-and-family-issues
23743,anxiety
3226,anxiety
4631,relationship-and-family-issues
5335,relationship-and-family-issues
15659,anxiety
12301,suicidal-thoughts-and-self-harm
21596,ptsd-and-trauma
3948,suicidal-thoughts-and-self-harm
19660,relationship-and-family-issues
13864,anxiety
3681,relationship-and-family-issues
21228,anxiety
10758,relationship-and-family-issues
4463,relationship-and-family-issues
6791,anxiety
12113,relationship-and-family-issues
20372,suicidal-thoughts-and-self-harm
2421,anxiety
18421,anxiety
19439,relationship-and-family-issues
7275,anxiety
18662,anxiety
9246,anxiety
2135,relationship-and-family-issues
10818,anxiety
341,suicidal-thoughts-and-self-harm
15957,anxiety
11352,relationship-and-family-issues
10281,relationship-and-family-issues
7679,anxiety
8568,anxiety
2128,relationship-and-family-issues
16802,anxiety
8492,anxiety
7333,anxiety
8766,depression
11798,relationship-and-family-issues
11332,anxiety
23782,depression
10885,anxiety
13499,anxiety
16147,relationship-and-family-issues
22551,suicidal-thoughts-and-self-harm
5452,anxiety
20687,relationship-and-family-issues
7432,relationship-and-family-issues
3892,relationship-and-family-issues
22640,depression
413,relationship-and-family-issues
10598,anxiety
8170,anxiety
23009,anxiety
9811,anxiety
19199,anxiety
1324,depression
11430,depression
22850,ptsd-and-trauma
23842,anxiety
448,anxiety
17398,anxiety
2587,depression
14831,anxiety
9239,ptsd-and-trauma
9847,anxiety
16396,ptsd-and-trauma
22753,anxiety
17044,depression
16884,anxiety
8574,relationship-and-family-issues
2568,suicidal-thoughts-and-self-harm
11074,relationship-and-family-issues
7108,suicidal-thoughts-and-self-harm
22018,depression
2091,anxiety
21041,anxiety
17633,anxiety
16659,anxiety
13610,anxiety
10750,relationship-and-family-issues
20180,relationship-and-family-issues
6295,suicidal-thoughts-and-self-harm
16882,anxiety
8971,relationship-and-family-issues
10479,relationship-and-family-issues
16590,relationship-and-family-issues
11757,ptsd-and-trauma
13956,anxiety
2861,anxiety
12923,anxiety
8533,relationship-and-family-issues
1233,anxiety
24107,anxiety
10541,anxiety
15066,ptsd-and-trauma
17397,anxiety
3813,anxiety
24006,relationship-and-family-issues
5815,anxiety
23296,relationship-and-family-issues
5036,anxiety
24164,depression
13096,anxiety
9656,ptsd-and-trauma
21414,anxiety
5708,relationship-and-family-issues
9699,anxiety
12111,relationship-and-family-issues
5026,relationship-and-family-issues
10642,depression
23697,depression
21336,anxiety
3054,anxiety
20604,anxiety
7814,depression
20509,anxiety
14378,relationship-and-family-issues
13284,relationship-and-family-issues
16852,anxiety
11622,anxiety
19452,relationship-and-family-issues
15523,relationship-and-family-issues
12811,anxiety
15445,anxiety
23043,anxiety
2701,depression
8573,depression
20233,anxiety
10657,suicidal-thoughts-and-self-harm
23756,depression
15477,suicidal-thoughts-and-self-harm
14103,anxiety
15904,depression
17474,suicidal-thoughts-and-self-harm
21450,anxiety
11564,suicidal-thoughts-and-self-harm
19613,relationship-and-family-issues
8751,depression
20264,depression
9283,relationship-and-family-issues
21670,relationship-and-family-issues
9453,anxiety
14932,anxiety
3660,relationship-and-family-issues
23888,anxiety
12758,suicidal-thoughts-and-self-harm
9160,depression
24351,relationship-and-family-issues
10427,depression
19062,suicidal-thoughts-and-self-harm
13393,anxiety
7542,depression
12369,relationship-and-family-issues
3162,suicidal-thoughts-and-self-harm
15005,relationship-and-family-issues
19738,anxiety
15394,anxiety
4487,ptsd-and-trauma
2149,depression
19068,anxiety
11395,anxiety
20127,relationship-and-family-issues
517,relationship-and-family-issues
17386,anxiety
3577,depression
12368,anxiety
16176,ptsd-and-trauma
9372,anxiety
8315,relationship-and-family-issues
17222,depression
12436,ptsd-and-trauma
19888,anxiety
5808,relationship-and-family-issues
18998,relationship-and-family-issues
21564,anxiety
5556,anxiety
24330,relationship-and-family-issues
17730,ptsd-and-trauma
4708,suicidal-thoughts-and-self-harm
12287,anxiety
6218,anxiety
8208,ptsd-and-trauma
1929,relationship-and-family-issues
2078,relationship-and-family-issues
13883,suicidal-thoughts-and-self-harm
14169,relationship-and-family-issues
13941,anxiety
10524,anxiety
7146,anxiety
7236,anxiety
21291,suicidal-thoughts-and-self-harm
15697,relationship-and-family-issues
4252,suicidal-thoughts-and-self-harm
3879,relationship-and-family-issues
3713,relationship-and-family-issues
10324,anxiety
18247,anxiety
14037,relationship-and-family-issues
1658,relationship-and-family-issues
9865,depression
24130,anxiety
1518,suicidal-thoughts-and-self-harm
22077,ptsd-and-trauma
18143,depression
6919,anxiety
2464,anxiety
1587,anxiety
13846,relationship-and-family-issues
20073,anxiety
20287,anxiety
19850,anxiety
15350,anxiety
24552,anxiety
1244,anxiety
15865,relationship-and-family-issues
8463,anxiety
13514,anxiety
3161,anxiety
21553,anxiety
13529,anxiety
5320,anxiety
16089,relationship-and-family-issues
22147,anxiety
16702,anxiety
10551,anxiety
13456,anxiety
13283,suicidal-thoughts-and-self-harm
16430,suicidal-thoughts-and-self-harm
16599,relationship-and-family-issues
6860,anxiety
7709,relationship-and-family-issues
68,suicidal-thoughts-and-self-harm
11644,anxiety
15295,suicidal-thoughts-and-self-harm
23658,anxiety
12068,depression
15932,anxiety
14465,relationship-and-family-issues
11210,anxiety
8337,relationship-and-family-issues
9282,anxiety
20401,relationship-and-family-issues
1945,anxiety
20329,suicidal-thoughts-and-self-harm
24134,ptsd-and-trauma
2937,anxiety
7179,depression
4975,anxiety
15669,depression
9986,anxiety
23982,anxiety
7252,anxiety
20409,suicidal-thoughts-and-self-harm
13368,ptsd-and-trauma
20428,depression
15526,anxiety
2439,relationship-and-family-issues
22053,relationship-and-family-issues
18734,relationship-and-family-issues
1947,relationship-and-family-issues
2658,depression
15908,ptsd-and-trauma
12543,anxiety
20399,anxiety
5258,relationship-and-family-issues
3576,anxiety
10522,relationship-and-family-issues
10729,anxiety
24324,depression
24295,anxiety
304,ptsd-and-trauma
12135,depression
4164,depression
1471,relationship-and-family-issues
22695,relationship-and-family-issues
17391,relationship-and-family-issues
6348,anxiety
13561,relationship-and-family-issues
20973,suicidal-thoughts-and-self-harm
23561,anxiety
22149,ptsd-and-trauma
13066,anxiety
15512,relationship-and-family-issues
17157,relationship-and-family-issues
11005,anxiety
14333,relationship-and-family-issues
4211,depression
11015,anxiety
3469,anxiety
20014,relationship-and-family-issues
22843,ptsd-and-trauma
21729,anxiety
4227,relationship-and-family-issues
22535,relationship-and-family-issues
21756,anxiety
22008,depression
6808,relationship-and-family-issues
16642,relationship-and-family-issues
1843,ptsd-and-trauma
8999,anxiety
15952,anxiety
7530,anxiety
13223,anxiety
8952,anxiety
11913,relationship-and-family-issues
15089,relationship-and-family-issues
17599,relationship-and-family-issues
914,anxiety
21068,anxiety
9111,anxiety
7467,depression
14681,depression
11058,anxiety
5349,anxiety
8747,anxiety
5660,anxiety
1343,anxiety
9836,anxiety
22234,anxiety
6598,relationship-and-family-issues
19056,anxiety
7776,anxiety
8345,anxiety
14360,suicidal-thoughts-and-self-harm
12745,anxiety
927,relationship-and-family-issues
6034,anxiety
320,anxiety
11106,anxiety
17899,relationship-and-family-issues
9977,ptsd-and-trauma
10625,relationship-and-family-issues
1202,anxiety
14509,suicidal-thoughts-and-self-harm
5223,depression
13566,suicidal-thoughts-and-self-harm
8443,relationship-and-family-issues
3726,anxiety
20472,anxiety
4686,relationship-and-family-issues
15719,suicidal-thoughts-and-self-harm
7470,ptsd-and-trauma
7091,anxiety
15617,anxiety
3015,relationship-and-family-issues
161,relationship-and-family-issues
9386,anxiety
5391,depression
13876,anxiety
7903,anxiety
1345,ptsd-and-trauma
19303,anxiety
10313,depression
1021,anxiety
1832,relationship-and-family-issues
9971,anxiety
22626,anxiety
18754,anxiety
5617,relationship-and-family-issues
3486,relationship-and-family-issues
18580,anxiety
24558,anxiety
20584,anxiety
5573,ptsd-and-trauma
16839,anxiety
10230,anxiety
20987,anxiety
10761,relationship-and-family-issues
7901,relationship-and-family-issues
10448,anxiety
3582,anxiety
6338,anxiety
15750,anxiety
781,depression
19700,relationship-and-family-issues
15961,suicidal-thoughts-and-self-harm
6098,depression
8793,anxiety
21755,anxiety
24363,anxiety
18342,anxiety
8026,relationship-and-family-issues
4202,relationship-and-family-issues
4936,anxiety
21314,relationship-and-family-issues
1582,anxiety
3707,depression
13645,anxiety
21579,anxiety
23354,anxiety
20320,suicidal-thoughts-and-self-harm
23432,anxiety
8800,ptsd-and-trauma
18192,relationship-and-family-issues
23190,ptsd-and-trauma
17242,depression
23057,anxiety
1941,relationship-and-family-issues
12093,anxiety
5686,anxiety
16514,anxiety
9244,relationship-and-family-issues
18338,anxiety
23513,anxiety
354,suicidal-thoughts-and-self-harm
16098,suicidal-thoughts-and-self-harm
11288,depression
6056,relationship-and-family-issues
10511,anxiety
10926,relationship-and-family-issues
17173,anxiety
17883,anxiety
8903,anxiety
20668,anxiety
18484,anxiety
17709,anxiety
18349,anxiety
11983,depression
14015,relationship-and-family-issues
9481,anxiety
15263,anxiety
18955,suicidal-thoughts-and-self-harm
16913,depression
12918,anxiety
21697,relationship-and-family-issues
5652,relationship-and-family-issues
19600,suicidal-thoughts-and-self-harm
10736,anxiety
10123,depression
471,anxiety
7387,relationship-and-family-issues
24191,relationship-and-family-issues
16141,depression
18598,anxiety
17430,anxiety
23714,relationship-and-family-issues
8757,relationship-and-family-issues
11167,anxiety
241,depression
1944,relationship-and-family-issues
19331,relationship-and-family-issues
20846,suicidal-thoughts-and-self-harm
3872,relationship-and-family-issues
7025,relationship-and-family-issues
72,anxiety
1010,depression
563,relationship-and-family-issues
18616,anxiety
24587,relationship-and-family-issues
18984,ptsd-and-trauma
16332,depression
4071,anxiety
14576,anxiety
13587,depression
19493,depression
3324,depression
20113,anxiety
205,ptsd-and-trauma
15770,ptsd-and-trauma
24332,suicidal-thoughts-and-self-harm
19074,relationship-and-family-issues
4568,anxiety
6673,relationship-and-family-issues
6796,depression
4987,anxiety
19832,anxiety
5611,relationship-and-family-issues
22540,suicidal-thoughts-and-self-harm
12020,relationship-and-family-issues
12510,anxiety
2650,relationship-and-family-issues
5286,anxiety
22604,anxiety
6746,anxiety
11489,relationship-and-family-issues
19854,anxiety
1617,anxiety
22196,anxiety
7149,relationship-and-family-issues
2364,anxiety
19096,anxiety
3893,ptsd-and-trauma
13239,anxiety
14607,anxiety
1873,relationship-and-family-issues
19875,relationship-and-family-issues
23467,anxiety
11000,depression
15714,anxiety
2251,anxiety
12131,anxiety
19901,anxiety
19877,depression
23218,anxiety
17974,anxiety
23015,relationship-and-family-issues
16026,anxiety
1360,relationship-and-family-issues
23857,anxiety
14745,anxiety
8518,anxiety
22305,anxiety
14173,relationship-and-family-issues
4104,anxiety
20755,relationship-and-family-issues
22569,anxiety
21189,anxiety
17388,relationship-and-family-issues
7031,anxiety
19018,anxiety
356,anxiety
23502,anxiety
22393,anxiety
24073,relationship-and-family-issues
16331,relationship-and-family-issues
20731,relationship-and-family-issues
6647,anxiety
8260,depression
7622,anxiety
22297,relationship-and-family-issues
3485,relationship-and-family-issues
19535,anxiety
12586,anxiety
19021,suicidal-thoughts-and-self-harm
3292,depression
5886,suicidal-thoughts-and-self-harm
13551,relationship-and-family-issues
10513,relationship-and-family-issues
6031,relationship-and-family-issues
21214,suicidal-thoughts-and-self-harm
6621,anxiety
1008,relationship-and-family-issues
15846,relationship-and-family-issues
2867,relationship-and-family-issues
19151,relationship-and-family-issues
12932,relationship-and-family-issues
16517,relationship-and-family-issues
15789,depression
16355,relationship-and-family-issues
17578,depression
18181,anxiety
12506,anxiety
15726,anxiety
14663,relationship-and-family-issues
5412,anxiety
2939,ptsd-and-trauma
23402,relationship-and-family-issues
12876,anxiety
14161,ptsd-and-trauma
9640,anxiety
9852,anxiety
1759,ptsd-and-trauma
23673,anxiety
6428,anxiety
370,anxiety
17550,suicidal-thoughts-and-self-harm
8485,ptsd-and-trauma
16210,anxiety
8645,anxiety
10716,relationship-and-family-issues
23798,depression
21499,anxiety
21146,anxiety
15399,anxiety
8549,depression
22777,anxiety
3107,anxiety
7620,anxiety
5376,relationship-and-family-issues
24388,relationship-and-family-issues
19954,anxiety
18093,anxiety
11071,anxiety
18537,depression
17742,ptsd-and-trauma
8550,suicidal-thoughts-and-self-harm
3945,anxiety
12820,depression
14703,ptsd-and-trauma
18266,relationship-and-family-issues
11715,ptsd-and-trauma
1232,suicidal-thoughts-and-self-harm
10404,relationship-and-family-issues
22267,anxiety
8510,anxiety
8607,anxiety
6948,ptsd-and-trauma
20081,ptsd-and-trauma
16899,anxiety
17103,anxiety
18596,anxiety
7195,anxiety
22722,ptsd-and-trauma
1737,anxiety
7134,anxiety
7221,anxiety
2705,relationship-and-family-issues
9778,anxiety
2158,relationship-and-family-issues
20250,relationship-and-family-issues
22280,anxiety
15778,relationship-and-family-issues
17657,relationship-and-family-issues
15241,anxiety
18236,anxiety
18394,suicidal-thoughts-and-self-harm
11097,anxiety
4488,ptsd-and-trauma
2580,relationship-and-family-issues
8722,anxiety
8426,anxiety
12940,depression
10442,suicidal-thoughts-and-self-harm
18442,relationship-and-family-issues
22030,anxiety
15795,relationship-and-family-issues
6968,ptsd-and-trauma
16395,relationship-and-family-issues
17092,anxiety
10740,anxiety
13175,anxiety
16649,depression
19004,anxiety
1157,anxiety
6882,anxiety
21458,anxiety
9663,anxiety
11099,ptsd-and-trauma
15782,relationship-and-family-issues
5020,relationship-and-family-issues
20611,relationship-and-family-issues
18076,anxiety
4550,anxiety
17566,anxiety
5672,anxiety
10956,anxiety
13425,relationship-and-family-issues
15080,anxiety
430,anxiety
282,anxiety
5261,anxiety
13184,anxiety
12242,anxiety
1414,relationship-and-family-issues
4447,anxiety
13275,anxiety
21217,relationship-and-family-issues
22823,suicidal-thoughts-and-self-harm
13398,anxiety
12865,relationship-and-family-issues
18815,anxiety
12985,suicidal-thoughts-and-self-harm
1784,anxiety
22773,ptsd-and-trauma
18242,anxiety
7205,anxiety
1330,relationship-and-family-issues
10157,depression
14140,suicidal-thoughts-and-self-harm
13016,relationship-and-family-issues
19976,anxiety
18034,anxiety
9620,relationship-and-family-issues
21710,depression
2147,anxiety
17903,anxiety
14482,ptsd-and-trauma
10654,relationship-and-family-issues
2096,relationship-and-family-issues
2973,anxiety
9614,anxiety
3557,relationship-and-family-issues
10270,anxiety
13666,anxiety
15796,depression
2210,anxiety
7523,relationship-and-family-issues
12330,relationship-and-family-issues
15043,depression
13678,anxiety
485,relationship-and-family-issues
7856,depression
7372,anxiety
6185,suicidal-thoughts-and-self-harm
5023,anxiety
21391,suicidal-thoughts-and-self-harm
5651,relationship-and-family-issues
19072,relationship-and-family-issues
6470,relationship-and-family-issues
2313,anxiety
14141,relationship-and-family-issues
4834,anxiety
555,anxiety
11950,depression
23468,suicidal-thoughts-and-self-harm
10185,anxiety
18347,relationship-and-family-issues
3690,relationship-and-family-issues
14197,anxiety
23275,relationship-and-family-issues
6510,relationship-and-family-issues
1083,anxiety
15746,anxiety
12267,relationship-and-family-issues
7963,anxiety
23784,anxiety
18997,anxiety
13317,relationship-and-family-issues
15122,anxiety
11380,anxiety
22448,ptsd-and-trauma
11704,anxiety
24103,relationship-and-family-issues
6313,relationship-and-family-issues
5263,depression
7321,anxiety
9574,relationship-and-family-issues
22007,suicidal-thoughts-and-self-harm
9864,anxiety
546,relationship-and-family-issues
9390,anxiety
10424,anxiety
1986,ptsd-and-trauma
5671,anxiety
6053,anxiety
21357,depression
3612,anxiety
15866,depression
12282,anxiety
20832,suicidal-thoughts-and-self-harm
20035,relationship-and-family-issues
14373,depression
4819,relationship-and-family-issues
5974,anxiety
18483,suicidal-thoughts-and-self-harm
23496,ptsd-and-trauma
14375,anxiety
14397,relationship-and-family-issues
3773,relationship-and-family-issues
23830,anxiety
14071,ptsd-and-trauma
5469,anxiety
7897,ptsd-and-trauma
23669,anxiety
20807,anxiety
18064,anxiety
4959,anxiety
6300,relationship-and-family-issues
17569,ptsd-and-trauma
19164,relationship-and-family-issues
10184,relationship-and-family-issues
23408,relationship-and-family-issues
17769,anxiety
16016,depression
24182,ptsd-and-trauma
17300,anxiety
17415,anxiety
16413,anxiety
5124,anxiety
14942,depression
8929,anxiety
10454,anxiety
11267,relationship-and-family-issues
10387,ptsd-and-trauma
14908,anxiety
16492,ptsd-and-trauma
13088,anxiety
8166,relationship-and-family-issues
15954,relationship-and-family-issues
7790,relationship-and-family-issues
22318,anxiety
2737,anxiety
1059,depression
4028,anxiety
16603,anxiety
24069,relationship-and-family-issues
5165,anxiety
425,anxiety
7003,relationship-and-family-issues
23431,ptsd-and-trauma
7788,relationship-and-family-issues
20043,relationship-and-family-issues
1937,relationship-and-family-issues
21180,relationship-and-family-issues
19945,anxiety
5530,anxiety
18474,anxiety
1263,anxiety
8736,relationship-and-family-issues
10544,anxiety
10174,anxiety
20522,anxiety
9875,relationship-and-family-issues
5483,anxiety
2019,relationship-and-family-issues
22467,anxiety
18042,depression
19840,anxiety
9565,anxiety
23807,anxiety
1643,anxiety
3838,depression
18168,anxiety
9835,ptsd-and-trauma
21757,relationship-and-family-issues
8521,anxiety
22167,anxiety
20780,anxiety
15410,depression
22366,anxiety
20885,anxiety
19652,anxiety
17901,depression
7835,anxiety
5407,anxiety
23981,ptsd-and-trauma
9501,relationship-and-family-issues
13413,ptsd-and-trauma
14791,relationship-and-family-issues
15713,ptsd-and-trauma
22407,depression
20478,anxiety
20920,anxiety
1567,anxiety
19411,anxiety
8351,anxiety
13805,anxiety
21026,relationship-and-family-issues
20712,anxiety
17564,anxiety
16496,relationship-and-family-issues
21145,anxiety
3437,relationship-and-family-issues
4711,relationship-and-family-issues
569,suicidal-thoughts-and-self-harm
8895,relationship-and-family-issues
5074,relationship-and-family-issues
5758,anxiety
7689,ptsd-and-trauma
16529,anxiety
21717,relationship-and-family-issues
4639,anxiety
15879,relationship-and-family-issues
858,ptsd-and-trauma
20792,relationship-and-family-issues
23093,depression
13383,relationship-and-family-issues
5848,relationship-and-family-issues
23546,relationship-and-family-issues
9829,relationship-and-family-issues
5487,anxiety
20996,anxiety
23097,suicidal-thoughts-and-self-harm
2850,relationship-and-family-issues
6172,anxiety
11243,anxiety
5816,anxiety
17951,anxiety
15861,depression
16376,relationship-and-family-issues
508,anxiety
13233,anxiety
16754,relationship-and-family-issues
16799,anxiety
10569,anxiety
20864,ptsd-and-trauma
7371,relationship-and-family-issues
15635,anxiety
17390,depression
18127,anxiety
21358,anxiety
8130,anxiety
11504,ptsd-and-trauma
18225,anxiety
97,relationship-and-family-issues
17,anxiety
17266,anxiety
5894,anxiety
7231,anxiety
5785,relationship-and-family-issues
17213,anxiety
9296,anxiety
23243,anxiety
13557,depression
15766,relationship-and-family-issues
16208,anxiety
1993,anxiety
254,relationship-and-family-issues
9013,suicidal-thoughts-and-self-harm
14725,anxiety
2897,anxiety
7928,anxiety
11406,anxiety
23989,anxiety
21917,suicidal-thoughts-and-self-harm
2912,anxiety
14396,ptsd-and-trauma
21244,anxiety
15830,relationship-and-family-issues
3492,ptsd-and-trauma
14731,anxiety
20245,depression
20876,anxiety
19795,ptsd-and-trauma
15236,relationship-and-family-issues
10335,anxiety
10254,anxiety
9370,relationship-and-family-issues
22968,anxiety
21274,anxiety
8447,anxiety
4314,relationship-and-family-issues
19777,depression
23629,suicidal-thoughts-and-self-harm
21993,anxiety
11078,anxiety
9575,depression
6429,anxiety
24366,anxiety
17469,ptsd-and-trauma
16381,anxiety
7536,anxiety
23028,depression
10286,anxiety
8241,anxiety
9584,anxiety
18828,anxiety
17450,relationship-and-family-issues
10120,relationship-and-family-issues
5520,ptsd-and-trauma
1186,anxiety
605,anxiety
9249,anxiety
6630,ptsd-and-trauma
22764,relationship-and-family-issues
12432,depression
23131,anxiety
23987,anxiety
23292,anxiety
16509,anxiety
17640,anxiety
16610,anxiety
17935,anxiety
19359,anxiety
6093,ptsd-and-trauma
9645,relationship-and-family-issues
21469,anxiety
3975,ptsd-and-trauma
7308,anxiety
12768,relationship-and-family-issues
10347,relationship-and-family-issues
20201,anxiety
4365,anxiety
18622,relationship-and-family-issues
20873,depression
21259,suicidal-thoughts-and-self-harm
86,ptsd-and-trauma
9704,anxiety
18703,anxiety
6852,anxiety
19543,anxiety
2547,anxiety
21436,depression
4408,relationship-and-family-issues
21524,relationship-and-family-issues
22527,depression
16805,relationship-and-family-issues
3918,depression
5935,anxiety
18131,anxiety
21370,relationship-and-family-issues
11454,anxiety
6070,suicidal-thoughts-and-self-harm
3306,relationship-and-family-issues
9004,relationship-and-family-issues
23156,ptsd-and-trauma
460,anxiety
9333,anxiety
4912,relationship-and-family-issues
24566,depression
20899,suicidal-thoughts-and-self-harm
11217,relationship-and-family-issues
8029,anxiety
11543,relationship-and-family-issues
20974,anxiety
5497,anxiety
19437,anxiety
23401,relationship-and-family-issues
7700,depression
24554,anxiety
9893,anxiety
18765,relationship-and-family-issues
3941,depression
18565,depression
14270,anxiety
9794,anxiety
4147,anxiety
3369,depression
8318,anxiety
2336,ptsd-and-trauma
12115,ptsd-and-trauma
23418,relationship-and-family-issues
20683,relationship-and-family-issues
5449,relationship-and-family-issues
16813,ptsd-and-trauma
118,ptsd-and-trauma
19634,depression
24273,ptsd-and-trauma
12841,ptsd-and-trauma
13237,depression
1657,ptsd-and-trauma
24267,anxiety
6095,relationship-and-family-issues
8095,anxiety
6014,relationship-and-family-issues
2184,suicidal-thoughts-and-self-harm
9110,anxiety
23141,anxiety
23962,anxiety
13622,anxiety
10239,suicidal-thoughts-and-self-harm
9603,anxiety
19333,ptsd-and-trauma
9653,anxiety
13581,anxiety
3317,depression
16497,anxiety
17647,anxiety
14181,relationship-and-family-issues
2574,relationship-and-family-issues
12478,anxiety
22916,anxiety
21666,relationship-and-family-issues
8045,relationship-and-family-issues
15587,depression
4579,anxiety
18014,relationship-and-family-issues
20079,anxiety
21178,relationship-and-family-issues
13093,anxiety
15867,depression
5960,depression
6346,ptsd-and-trauma
14884,depression
12633,anxiety
3904,relationship-and-family-issues
10477,depression
20553,suicidal-thoughts-and-self-harm
9757,anxiety
2886,anxiety
23485,relationship-and-family-issues
12197,suicidal-thoughts-and-self-harm
15444,anxiety
17281,ptsd-and-trauma
2614,anxiety
15783,anxiety
19993,anxiety
18871,anxiety
4330,anxiety
4845,anxiety
23068,ptsd-and-trauma
9798,suicidal-thoughts-and-self-harm
15292,anxiety
15316,suicidal-thoughts-and-self-harm
23291,relationship-and-family-issues
16908,relationship-and-family-issues
8240,relationship-and-family-issues
802,suicidal-thoughts-and-self-harm
21412,anxiety
21909,relationship-and-family-issues
22052,relationship-and-family-issues
14850,relationship-and-family-issues
4160,anxiety
958,relationship-and-family-issues
19491,anxiety
11648,suicidal-thoughts-and-self-harm
16967,anxiety
2967,depression
20212,anxiety
21151,anxiety
13546,suicidal-thoughts-and-self-harm
20944,relationship-and-family-issues
5986,anxiety
9861,anxiety
19455,depression
20404,relationship-and-family-issues
1038,anxiety
21352,relationship-and-family-issues
14776,anxiety
20718,depression
2619,relationship-and-family-issues
3166,relationship-and-family-issues
1234,anxiety
11229,ptsd-and-trauma
20911,relationship-and-family-issues
11980,relationship-and-family-issues
15215,anxiety
19325,ptsd-and-trauma
11181,relationship-and-family-issues
7526,depression
5700,anxiety
4431,relationship-and-family-issues
16706,relationship-and-family-issues
16086,suicidal-thoughts-and-self-harm
23173,anxiety
12013,depression
21880,anxiety
3122,suicidal-thoughts-and-self-harm
22539,depression
9236,suicidal-thoughts-and-self-harm
5861,depression
6377,anxiety
11201,ptsd-and-trauma
581,suicidal-thoughts-and-self-harm
19807,anxiety
23758,relationship-and-family-issues
14814,ptsd-and-trauma
21050,suicidal-thoughts-and-self-harm
820,anxiety
9094,anxiety
4186,anxiety
24064,depression
2893,anxiety
16093,relationship-and-family-issues
11868,relationship-and-family-issues
12490,relationship-and-family-issues
16096,anxiety
50,suicidal-thoughts-and-self-harm
19893,depression
4377,anxiety
18486,anxiety
11469,relationship-and-family-issues
11108,relationship-and-family-issues
12794,relationship-and-family-issues
12548,relationship-and-family-issues
1339,anxiety
382,relationship-and-family-issues
8213,anxiety
14479,anxiety
15886,anxiety
4717,suicidal-thoughts-and-self-harm
12451,anxiety
7079,anxiety
4288,anxiety
2310,anxiety
11833,relationship-and-family-issues
2188,anxiety
1164,anxiety
10675,anxiety
6524,relationship-and-family-issues
22940,anxiety
20510,relationship-and-family-issues
18000,anxiety
19734,relationship-and-family-issues
17486,anxiety
22924,relationship-and-family-issues
17821,anxiety
2002,anxiety
8386,anxiety
9265,relationship-and-family-issues
15110,anxiety
974,anxiety
6713,relationship-and-family-issues
14820,anxiety
7505,anxiety
14896,anxiety
19966,ptsd-and-trauma
1818,relationship-and-family-issues
10921,anxiety
17833,depression
13507,anxiety
4230,relationship-and-family-issues
8774,relationship-and-family-issues
23220,relationship-and-family-issues
18188,anxiety
13023,anxiety
16260,relationship-and-family-issues
4709,relationship-and-family-issues
8497,anxiety
6477,relationship-and-family-issues
22032,depression
18511,anxiety
12553,anxiety
12750,anxiety
5265,anxiety
2943,anxiety
13462,relationship-and-family-issues
14430,suicidal-thoughts-and-self-harm
14139,relationship-and-family-issues
22408,anxiety
21311,depression
9532,relationship-and-family-issues
4051,anxiety
20551,anxiety
15655,anxiety
1290,ptsd-and-trauma
12057,anxiety
5502,relationship-and-family-issues
8866,relationship-and-family-issues
1735,anxiety
16203,anxiety
15175,anxiety
11495,anxiety
15068,relationship-and-family-issues
483,relationship-and-family-issues
11931,anxiety
15718,anxiety
889,suicidal-thoughts-and-self-harm
2238,relationship-and-family-issues
21587,anxiety
9128,anxiety
